bizym,transdate,num_hosp,qty
202201,2022-01-01,10,2793.000000
202201,2022-01-02,12,4633.000000
202201,2022-01-03,69,15154.000000
202201,2022-01-04,460,76524.331700
202201,2022-01-05,316,47902.541700
202201,2022-01-06,397,89947.000000
202201,2022-01-07,380,95147.541700
202201,2022-01-08,71,18009.000000
202201,2022-01-09,15,348.000000
202201,2022-01-10,686,135945.000000
202201,2022-01-11,554,102974.000000
202201,2022-01-12,428,95396.000000
202201,2022-01-13,454,81338.795000
202201,2022-01-14,269,47623.000000
202201,2022-01-15,36,6361.000000
202201,2022-01-16,13,1841.000000
202201,2022-01-17,642,119099.708300
202201,2022-01-18,515,90903.000000
202201,2022-01-19,417,79360.091600
202201,2022-01-20,392,68337.000000
202201,2022-01-21,341,57405.499900
202201,2022-01-22,25,1428.000000
202201,2022-01-23,11,666.000000
202201,2022-01-24,616,104290.000000
202201,2022-01-25,434,82896.000000
202201,2022-01-26,304,60154.000000
202201,2022-01-27,268,49422.500000
202201,2022-01-28,143,24684.800000
202201,2022-01-29,66,9658.625000
202201,2022-01-30,36,13456.000000
202201,2022-01-31,4,44.000000
202202,2022-02-01,1,0.000000
202202,2022-02-03,6,1085.000000
202202,2022-02-04,12,3909.000000
202202,2022-02-05,4,580.000000
202202,2022-02-06,11,2422.000000
202202,2022-02-07,371,67175.000000
202202,2022-02-08,286,42151.000000
202202,2022-02-09,237,43574.830000
202202,2022-02-10,291,33803.333300
202202,2022-02-11,182,35810.000000
202202,2022-02-12,10,360.000000
202202,2022-02-13,13,790.000000
202202,2022-02-14,511,81633.000000
202202,2022-02-15,314,42707.000000
202202,2022-02-16,267,44201.416700
202202,2022-02-17,301,42848.125000
202202,2022-02-18,234,34667.166700
202202,2022-02-19,12,599.000000
202202,2022-02-20,13,2659.000000
202202,2022-02-21,606,78145.623300
202202,2022-02-22,366,49317.000000
202202,2022-02-23,303,58929.000000
202202,2022-02-24,311,43828.416700
202202,2022-02-25,261,48272.333300
202202,2022-02-26,16,-83.000000
202202,2022-02-27,8,162.000000
202202,2022-02-28,556,107700.640000
202203,2022-03-01,543,97781.916600
202203,2022-03-02,334,53761.000000
202203,2022-03-03,386,58568.166600
202203,2022-03-04,254,40107.000000
202203,2022-03-05,16,840.000000
202203,2022-03-06,20,755.000000
202203,2022-03-07,586,89218.000000
202203,2022-03-08,391,59593.000000
202203,2022-03-09,337,52062.000000
202203,2022-03-10,315,47022.000000
202203,2022-03-11,238,36600.750000
202203,2022-03-12,16,296.000000
202203,2022-03-13,18,2246.000000
202203,2022-03-14,607,84123.420000
202203,2022-03-15,418,67637.000000
202203,2022-03-16,302,56032.000000
202203,2022-03-17,332,52064.000000
202203,2022-03-18,225,31003.331700
202203,2022-03-19,25,1521.000000
202203,2022-03-20,11,472.000000
202203,2022-03-21,566,83814.375000
202203,2022-03-22,390,63046.000000
202203,2022-03-23,269,48751.000000
202203,2022-03-24,289,46581.000000
202203,2022-03-25,210,41341.880000
202203,2022-03-26,19,297.000000
202203,2022-03-27,35,1041.000000
202203,2022-03-28,644,109652.000000
202203,2022-03-29,419,71063.375000
202203,2022-03-30,313,67945.958300
202203,2022-03-31,325,115868.130000
202204,2022-04-01,447,75241.500000
202204,2022-04-02,324,26381.000000
202204,2022-04-03,16,603.000000
202204,2022-04-04,114,12619.000000
202204,2022-04-05,43,3924.000000
202204,2022-04-06,839,79847.000000
202204,2022-04-07,384,50706.003300
202204,2022-04-08,264,41231.333300
202204,2022-04-09,28,626.000000
202204,2022-04-10,28,881.000000
202204,2022-04-11,565,81973.000000
202204,2022-04-12,393,61921.000000
202204,2022-04-13,336,48879.000000
202204,2022-04-14,289,42763.791700
202204,2022-04-15,220,37737.000000
202204,2022-04-16,33,1571.000000
202204,2022-04-17,24,2373.000000
202204,2022-04-18,583,85149.000000
202204,2022-04-19,432,65905.000000
202204,2022-04-20,346,49347.875000
202204,2022-04-21,331,48187.000000
202204,2022-04-22,225,31684.125000
202204,2022-04-23,25,1109.000000
202204,2022-04-24,284,41845.000000
202204,2022-04-25,588,93687.000000
202204,2022-04-26,466,63069.000000
202204,2022-04-27,347,56142.125000
202204,2022-04-28,398,51028.000000
202204,2022-04-29,179,27076.000000
202204,2022-04-30,14,1687.000000
202205,2022-05-01,13,2187.000000
202205,2022-05-02,37,8497.000000
202205,2022-05-03,54,9407.000000
202205,2022-05-04,79,10492.000000
202205,2022-05-05,603,90727.796700
202205,2022-05-06,340,42305.000000
202205,2022-05-07,219,26418.000000
202205,2022-05-08,18,1466.000000
202205,2022-05-09,554,92676.000000
202205,2022-05-10,410,65974.000000
202205,2022-05-11,331,56922.000000
202205,2022-05-12,285,40776.000000
202205,2022-05-13,243,38235.833400
202205,2022-05-14,30,1197.000000
202205,2022-05-15,31,7016.000000
202205,2022-05-16,606,84150.500000
202205,2022-05-17,383,47305.000000
202205,2022-05-18,301,48491.000000
202205,2022-05-19,335,60276.958300
202205,2022-05-20,213,39816.416600
202205,2022-05-21,25,947.000000
202205,2022-05-22,19,471.000000
202205,2022-05-23,617,84214.791700
202205,2022-05-24,451,76064.000000
202205,2022-05-25,318,54138.000000
202205,2022-05-26,354,58007.580000
202205,2022-05-27,221,34036.500000
202205,2022-05-28,26,1029.000000
202205,2022-05-29,21,734.000000
202205,2022-05-30,593,89400.000000
202205,2022-05-31,394,86988.000000
202206,2022-06-01,526,80449.000000
202206,2022-06-02,287,53518.000000
202206,2022-06-03,18,646.000000
202206,2022-06-04,16,317.000000
202206,2022-06-05,24,3795.000000
202206,2022-06-06,650,99442.871700
202206,2022-06-07,468,60583.000000
202206,2022-06-08,379,60619.000000
202206,2022-06-09,343,56041.833300
202206,2022-06-10,211,34515.583300
202206,2022-06-11,22,725.000000
202206,2022-06-12,24,1041.000000
202206,2022-06-13,684,102726.000000
202206,2022-06-14,453,75064.000000
202206,2022-06-15,340,59584.000000
202206,2022-06-16,320,52730.000000
202206,2022-06-17,229,49039.000000
202206,2022-06-18,30,2409.000000
202206,2022-06-19,16,782.000000
202206,2022-06-20,723,97924.000000
202206,2022-06-21,452,82430.000000
202206,2022-06-22,313,53470.000000
202206,2022-06-23,360,56682.000000
202206,2022-06-24,276,52690.000000
202206,2022-06-25,18,5077.000000
202206,2022-06-26,17,607.000000
202206,2022-06-27,618,110861.496700
202206,2022-06-28,391,83888.333300
202206,2022-06-29,366,99075.083300
202206,2022-06-30,448,129697.666700
202207,2022-07-01,339,58544.000000
202207,2022-07-02,19,2079.000000
202207,2022-07-03,16,3578.000000
202207,2022-07-04,678,98313.208300
202207,2022-07-05,461,74329.916700
202207,2022-07-06,332,54442.000000
202207,2022-07-07,341,52599.880000
202207,2022-07-08,241,34926.000000
202207,2022-07-09,21,1171.000000
202207,2022-07-10,23,3656.000000
202207,2022-07-11,687,86065.000000
202207,2022-07-12,450,58204.000000
202207,2022-07-13,320,61462.208300
202207,2022-07-14,331,50666.380000
202207,2022-07-15,255,42152.333400
202207,2022-07-16,16,680.000000
202207,2022-07-17,18,1127.000000
202207,2022-07-18,638,92901.000000
202207,2022-07-19,451,65026.000000
202207,2022-07-20,337,52050.000000
202207,2022-07-21,384,51013.458300
202207,2022-07-22,256,41257.663400
202207,2022-07-23,28,558.000000
202207,2022-07-24,18,247.000000
202207,2022-07-25,657,91150.000000
202207,2022-07-26,442,72992.000000
202207,2022-07-27,346,60507.083300
202207,2022-07-28,328,53759.000000
202207,2022-07-29,276,63999.460000
202207,2022-07-30,25,2237.000000
202207,2022-07-31,13,200.000000
202208,2022-08-01,779,137981.000000
202208,2022-08-02,551,87677.875000
202208,2022-08-03,404,71371.000000
202208,2022-08-04,395,64902.420000
202208,2022-08-05,294,47320.333300
202208,2022-08-06,27,947.000000
202208,2022-08-07,24,2848.000000
202208,2022-08-08,751,113056.000000
202208,2022-08-09,448,69868.000000
202208,2022-08-10,351,50174.000000
202208,2022-08-11,325,50566.625000
202208,2022-08-12,257,48513.833300
202208,2022-08-13,29,1321.000000
202208,2022-08-14,18,291.000000
202208,2022-08-15,656,92793.910000
202208,2022-08-16,463,61839.000000
202208,2022-08-17,347,59863.916700
202208,2022-08-18,364,52596.833300
202208,2022-08-19,233,41078.000000
202208,2022-08-20,27,723.000000
202208,2022-08-21,25,2024.000000
202208,2022-08-22,764,119129.750000
202208,2022-08-23,450,67171.000000
202208,2022-08-24,335,53035.000000
202208,2022-08-25,377,58950.000000
202208,2022-08-26,260,62444.970000
202208,2022-08-27,18,874.000000
202208,2022-08-28,18,932.000000
202208,2022-08-29,615,111396.083300
202208,2022-08-30,408,76763.333300
202208,2022-08-31,322,72479.000000
202209,2022-09-01,581,106463.791600
202209,2022-09-02,336,58512.000000
202209,2022-09-03,30,2325.000000
202209,2022-09-04,22,959.000000
202209,2022-09-05,763,144406.460000
202209,2022-09-06,539,94525.000000
202209,2022-09-07,420,63166.083400
202209,2022-09-08,467,71999.000000
202209,2022-09-09,277,45241.000000
202209,2022-09-10,13,823.000000
202209,2022-09-11,22,792.000000
202209,2022-09-12,99,12795.000000
202209,2022-09-13,734,106187.000000
202209,2022-09-14,446,72669.330000
202209,2022-09-15,420,67315.000000
202209,2022-09-16,305,43799.750000
202209,2022-09-17,29,1183.000000
202209,2022-09-18,33,1111.000000
202209,2022-09-19,758,139491.080000
202209,2022-09-20,531,89622.000000
202209,2022-09-21,531,88197.000000
202209,2022-09-22,472,70895.958300
202209,2022-09-23,356,77797.500000
202209,2022-09-24,26,2506.000000
202209,2022-09-25,23,2395.000000
202209,2022-09-26,754,150110.830000
202209,2022-09-27,597,112979.000000
202209,2022-09-28,430,94576.583300
202209,2022-09-29,400,107781.253400
202209,2022-09-30,179,57833.000000
202210,2022-10-01,16,2863.000000
202210,2022-10-02,9,164.000000
202210,2022-10-03,20,1965.000000
202210,2022-10-04,25,2526.000000
202210,2022-10-05,23,3448.000000
202210,2022-10-06,60,8706.000000
202210,2022-10-07,44,2021.000000
202210,2022-10-08,339,31680.166700
202210,2022-10-09,262,39190.000000
202210,2022-10-10,517,101731.580000
202210,2022-10-11,423,58653.750000
202210,2022-10-12,588,116902.250000
202210,2022-10-13,465,86320.000000
202210,2022-10-14,313,51407.166700
202210,2022-10-15,27,1526.000000
202210,2022-10-16,36,3536.000000
202210,2022-10-17,750,112203.000000
202210,2022-10-18,487,74499.000000
202210,2022-10-19,389,68680.583300
202210,2022-10-20,370,61445.000000
202210,2022-10-21,301,49756.750000
202210,2022-10-22,20,3100.000000
202210,2022-10-23,22,838.000000
202210,2022-10-24,707,106455.000000
202210,2022-10-25,449,65128.580000
202210,2022-10-26,396,59067.125000
202210,2022-10-27,392,72664.500000
202210,2022-10-28,273,36166.000000
202210,2022-10-29,23,3764.000000
202210,2022-10-30,26,2423.000000
202210,2022-10-31,502,88435.880000
202211,2022-11-01,568,93518.375000
202211,2022-11-02,392,46256.000000
202211,2022-11-03,571,99815.000000
202211,2022-11-04,330,63324.583300
202211,2022-11-05,30,949.000000
202211,2022-11-06,36,2042.000000
202211,2022-11-07,680,116447.380000
202211,2022-11-08,522,82092.000000
202211,2022-11-09,378,73109.000000
202211,2022-11-10,360,58824.000000
202211,2022-11-11,282,43412.000000
202211,2022-11-12,36,3495.000000
202211,2022-11-13,35,2619.000000
202211,2022-11-14,673,94944.000000
202211,2022-11-15,470,72513.620000
202211,2022-11-16,381,63181.000000
202211,2022-11-17,360,55218.000000
202211,2022-11-18,326,50024.920000
202211,2022-11-19,19,2407.000000
202211,2022-11-20,27,1154.000000
202211,2022-11-21,621,98560.625000
202211,2022-11-22,450,78173.000000
202211,2022-11-23,299,53518.000000
202211,2022-11-24,294,51640.000000
202211,2022-11-25,201,33013.000000
202211,2022-11-26,13,1132.000000
202211,2022-11-27,20,2472.000000
202211,2022-11-28,360,53310.711700
202211,2022-11-29,220,35820.000000
202211,2022-11-30,167,27125.000000
202212,2022-12-01,230,44341.833300
202212,2022-12-02,139,16480.000000
202212,2022-12-03,16,649.000000
202212,2022-12-04,24,4371.000000
202212,2022-12-05,466,119027.000000
202212,2022-12-06,650,219536.120000
202212,2022-12-07,443,118981.000000
202212,2022-12-08,372,67075.000000
202212,2022-12-09,352,120119.413300
202212,2022-12-10,52,6079.000000
202212,2022-12-11,28,1344.000000
202212,2022-12-12,561,121490.833300
202212,2022-12-13,470,95723.583300
202212,2022-12-14,290,65253.000000
202212,2022-12-15,282,51700.000000
202212,2022-12-16,202,43506.000000
202212,2022-12-17,41,3844.000000
202212,2022-12-18,34,2233.000000
202212,2022-12-19,299,50560.166600
202212,2022-12-20,257,46497.000000
202212,2022-12-21,195,45156.370000
202212,2022-12-22,173,28044.000000
202212,2022-12-23,122,37997.000000
202212,2022-12-24,15,1383.000000
202212,2022-12-25,11,2994.000000
202212,2022-12-26,216,38120.370000
202212,2022-12-27,193,37792.000000
202212,2022-12-28,159,37940.000000
202212,2022-12-29,111,26638.000000
202212,2022-12-30,155,50122.000000
202212,2022-12-31,9,1508.000000
202301,2023-01-01,16,1420.000000
202301,2023-01-02,34,4169.000000
202301,2023-01-03,202,28734.003300
202301,2023-01-04,163,22709.000000
202301,2023-01-05,138,46337.000000
202301,2023-01-06,149,35503.000000
202301,2023-01-07,43,6042.000000
202301,2023-01-08,66,7651.000000
202301,2023-01-09,705,228508.000000
202301,2023-01-10,752,248830.166700
202301,2023-01-11,600,141151.291700
202301,2023-01-12,576,108892.416700
202301,2023-01-13,463,88972.000000
202301,2023-01-14,63,7386.000000
202301,2023-01-15,53,11478.000000
202301,2023-01-16,635,138475.000000
202301,2023-01-17,443,95256.166700
202301,2023-01-18,358,87186.000000
202301,2023-01-19,204,48043.000000
202301,2023-01-20,28,4711.000000
202301,2023-01-21,8,1371.000000
202301,2023-01-22,3,7.000000
202301,2023-01-23,4,330.000000
202301,2023-01-24,11,1342.000000
202301,2023-01-25,12,507.000000
202301,2023-01-26,19,3887.000000
202301,2023-01-27,15,4676.000000
202301,2023-01-28,210,33209.000000
202301,2023-01-29,205,23537.291700
202301,2023-01-30,249,38623.000000
202301,2023-01-31,252,33135.000000
202302,2023-02-01,448,50843.000000
202302,2023-02-02,466,51820.000000
202302,2023-02-03,296,38097.000000
202302,2023-02-04,22,1363.000000
202302,2023-02-05,16,2059.000000
202302,2023-02-06,620,98968.000000
202302,2023-02-07,395,60530.000000
202302,2023-02-08,321,57592.000000
202302,2023-02-09,382,50128.000000
202302,2023-02-10,246,42566.291700
202302,2023-02-11,18,430.000000
202302,2023-02-12,12,541.000000
202302,2023-02-13,580,98840.083300
202302,2023-02-14,406,66956.000000
202302,2023-02-15,310,65187.000000
202302,2023-02-16,370,57155.000000
202302,2023-02-17,230,35835.000000
202302,2023-02-18,13,756.000000
202302,2023-02-19,16,1237.000000
202302,2023-02-20,632,99119.000000
202302,2023-02-21,443,60867.000000
202302,2023-02-22,299,42858.000000
202302,2023-02-23,344,58138.000000
202302,2023-02-24,245,56409.000000
202302,2023-02-25,20,825.000000
202302,2023-02-26,21,336.000000
202302,2023-02-27,596,96483.000000
202302,2023-02-28,396,71597.000000
202303,2023-03-01,472,98243.000000
202303,2023-03-02,398,73609.000000
202303,2023-03-03,227,37428.000000
202303,2023-03-04,19,957.000000
202303,2023-03-05,16,804.000000
202303,2023-03-06,715,134349.000000
202303,2023-03-07,436,72759.000000
202303,2023-03-08,318,56357.000000
202303,2023-03-09,391,70238.000000
202303,2023-03-10,256,51247.000000
202303,2023-03-11,19,1103.000000
202303,2023-03-12,19,1591.000000
202303,2023-03-13,657,108941.000000
202303,2023-03-14,484,90401.000000
202303,2023-03-15,396,61796.000000
202303,2023-03-16,375,54656.000000
202303,2023-03-17,257,41074.000000
202303,2023-03-18,18,1248.000000
202303,2023-03-19,17,4350.000000
202303,2023-03-20,670,109688.000000
202303,2023-03-21,446,65024.000000
202303,2023-03-22,353,56112.000000
202303,2023-03-23,353,62395.000000
202303,2023-03-24,260,63506.000000
202303,2023-03-25,22,2282.000000
202303,2023-03-26,20,407.000000
202303,2023-03-27,611,105516.000000
202303,2023-03-28,455,84936.000000
202303,2023-03-29,330,75798.000000
202303,2023-03-30,326,99349.000000
202303,2023-03-31,250,87254.000000
202304,2023-04-01,36,3698.000000
202304,2023-04-02,18,1538.000000
202304,2023-04-03,644,116423.000000
202304,2023-04-04,370,57567.000000
202304,2023-04-05,23,1579.000000
202304,2023-04-06,364,51003.000000
202304,2023-04-07,299,80803.000000
202304,2023-04-08,19,1569.000000
202304,2023-04-09,11,536.000000
202304,2023-04-10,770,135101.000000
202304,2023-04-11,552,98257.000000
202304,2023-04-12,392,73857.000000
202304,2023-04-13,407,64073.000000
202304,2023-04-14,287,51506.000000
202304,2023-04-15,33,2223.000000
202304,2023-04-16,20,2750.000000
202304,2023-04-17,766,118013.000000
202304,2023-04-18,497,85505.000000
202304,2023-04-19,370,48545.000000
202304,2023-04-20,387,61377.000000
202304,2023-04-21,268,42290.000000
202304,2023-04-22,21,1748.000000
202304,2023-04-23,304,49806.000000
202304,2023-04-24,693,117849.000000
202304,2023-04-25,476,88729.000000
202304,2023-04-26,482,82498.000000
202304,2023-04-27,388,76808.000000
202304,2023-04-28,192,29699.000000
202304,2023-04-29,5,224.000000
202304,2023-04-30,5,138.000000
202305,2023-05-01,7,2265.000000
202305,2023-05-02,48,10483.000000
202305,2023-05-03,46,8151.000000
202305,2023-05-04,536,80931.000000
202305,2023-05-05,278,38512.000000
202305,2023-05-06,160,22956.000000
202305,2023-05-07,9,173.000000
202305,2023-05-08,598,129944.000000
202305,2023-05-09,445,97675.000000
202305,2023-05-10,461,111583.000000
202305,2023-05-11,439,95055.000000
202305,2023-05-12,300,66871.000000
202305,2023-05-13,11,832.000000
202305,2023-05-14,7,380.000000
202305,2023-05-15,690,143061.000000
202305,2023-05-16,420,76718.000000
202305,2023-05-17,351,66682.000000
202305,2023-05-18,343,55429.000000
202305,2023-05-19,233,42376.000000
202305,2023-05-20,26,697.000000
202305,2023-05-21,9,161.000000
202305,2023-05-22,573,101317.000000
202305,2023-05-23,500,63343.000000
202305,2023-05-24,354,57486.000000
202305,2023-05-25,317,46017.000000
202305,2023-05-26,250,41447.000000
202305,2023-05-27,10,807.000000
202305,2023-05-28,15,971.000000
202305,2023-05-29,494,88081.000000
202305,2023-05-30,321,51551.000000
202305,2023-05-31,261,56389.000000
202306,2023-06-01,393,68801.000000
202306,2023-06-02,214,28005.000000
202306,2023-06-03,18,2198.000000
202306,2023-06-04,14,1579.000000
202306,2023-06-05,531,87464.000000
202306,2023-06-06,492,140291.000000
202306,2023-06-07,448,81309.000000
202306,2023-06-08,497,114465.000000
202306,2023-06-09,260,47505.000000
202306,2023-06-10,26,2253.000000
202306,2023-06-11,9,536.000000
202306,2023-06-12,722,116145.000000
202306,2023-06-13,474,74024.000000
202306,2023-06-14,352,54321.000000
202306,2023-06-15,359,57403.000000
202306,2023-06-16,352,69354.000000
202306,2023-06-17,21,1113.000000
202306,2023-06-18,21,654.000000
202306,2023-06-19,719,126000.000000
202306,2023-06-20,524,79919.000000
202306,2023-06-21,307,54238.000000
202306,2023-06-22,5,1511.000000
202306,2023-06-23,34,3019.000000
202306,2023-06-24,15,522.000000
202306,2023-06-25,452,69105.000000
202306,2023-06-26,657,107333.000000
202306,2023-06-27,443,82634.000000
202306,2023-06-28,359,77726.000000
202306,2023-06-29,381,87384.000000
202306,2023-06-30,293,97839.000000
202307,2023-07-01,22,4134.000000
202307,2023-07-02,19,1824.000000
202307,2023-07-03,628,86784.000000
202307,2023-07-04,404,53409.000000
202307,2023-07-05,248,49263.000000
202307,2023-07-06,399,80284.000000
202307,2023-07-07,408,97981.000000
202307,2023-07-08,29,3256.000000
202307,2023-07-09,16,1399.000000
202307,2023-07-10,795,147865.000000
202307,2023-07-11,500,84671.000000
202307,2023-07-12,391,67921.000000
202307,2023-07-13,410,72278.000000
202307,2023-07-14,317,59152.000000
202307,2023-07-15,17,438.000000
202307,2023-07-16,24,2010.000000
202307,2023-07-17,689,107580.000000
202307,2023-07-18,509,90256.000000
202307,2023-07-19,354,70576.000000
202307,2023-07-20,365,65172.000000
202307,2023-07-21,323,53102.000000
202307,2023-07-22,16,1669.000000
202307,2023-07-23,12,590.000000
202307,2023-07-24,745,112182.000000
202307,2023-07-25,487,84221.000000
202307,2023-07-26,349,57548.000000
202307,2023-07-27,411,65645.000000
202307,2023-07-28,257,55740.000000
202307,2023-07-29,21,1024.000000
202307,2023-07-30,15,2341.000000
202307,2023-07-31,514,104017.000000
202308,2023-08-01,612,113227.000000
202308,2023-08-02,330,57155.000000
202308,2023-08-03,308,58487.000000
202308,2023-08-04,252,57743.000000
202308,2023-08-05,22,648.000000
202308,2023-08-06,9,503.000000
202308,2023-08-07,804,151145.000000
202308,2023-08-08,444,76339.000000
202308,2023-08-09,397,79674.000000
202308,2023-08-10,503,91343.000000
202308,2023-08-11,293,52547.000000
202308,2023-08-12,17,1125.000000
202308,2023-08-13,12,2240.000000
202308,2023-08-14,808,157630.000000
202308,2023-08-15,557,91739.000000
202308,2023-08-16,366,61721.000000
202308,2023-08-17,420,68806.000000
202308,2023-08-18,276,50458.000000
202308,2023-08-19,24,1527.000000
202308,2023-08-20,10,1791.000000
202308,2023-08-21,729,111659.000000
202308,2023-08-22,412,68818.000000
202308,2023-08-23,375,62559.000000
202308,2023-08-24,421,64045.000000
202308,2023-08-25,278,52007.000000
202308,2023-08-26,18,944.000000
202308,2023-08-27,14,1324.000000
202308,2023-08-28,741,127406.708300
202308,2023-08-29,469,75593.000000
202308,2023-08-30,260,55373.000000
202308,2023-08-31,289,58495.000000
202309,2023-09-01,296,53273.000000
202309,2023-09-02,20,564.000000
202309,2023-09-03,7,115.000000
202309,2023-09-04,404,61624.000000
202309,2023-09-05,382,99007.000000
202309,2023-09-06,251,62920.000000
202309,2023-09-07,615,191420.000000
202309,2023-09-08,569,139025.000000
202309,2023-09-09,21,1458.000000
202309,2023-09-10,26,2834.000000
202309,2023-09-11,856,168169.000000
202309,2023-09-12,678,124766.000000
202309,2023-09-13,450,84151.000000
202309,2023-09-14,526,112058.000000
202309,2023-09-15,418,86747.000000
202309,2023-09-16,24,894.000000
202309,2023-09-17,9,207.000000
202309,2023-09-18,715,120371.000000
202309,2023-09-19,470,107066.000000
202309,2023-09-20,392,81297.000000
202309,2023-09-21,398,94211.000000
202309,2023-09-22,360,81676.000000
202309,2023-09-23,13,1267.000000
202309,2023-09-24,14,642.000000
202309,2023-09-25,649,130120.000000
202309,2023-09-26,499,108495.000000
202309,2023-09-27,378,61077.000000
202309,2023-09-28,204,37047.000000
202309,2023-09-29,2,245.000000
202309,2023-09-30,3,20.000000
202310,2023-10-01,4,829.000000
202310,2023-10-02,3,298.000000
202310,2023-10-03,5,1215.000000
202310,2023-10-04,11,2007.000000
202310,2023-10-05,12,4046.000000
202310,2023-10-06,14,4059.000000
202310,2023-10-07,278,34449.000000
202310,2023-10-08,181,21851.000000
202310,2023-10-09,233,56917.000000
202310,2023-10-10,539,138392.000000
202310,2023-10-11,858,230156.000000
202310,2023-10-12,631,129090.000000
202310,2023-10-13,460,88616.000000
202310,2023-10-14,26,4083.000000
202310,2023-10-15,28,4193.000000
202310,2023-10-16,831,155091.000000
202310,2023-10-17,630,112132.000000
202310,2023-10-18,457,82387.000000
202310,2023-10-19,377,66084.000000
202310,2023-10-20,310,69973.000000
202310,2023-10-21,15,349.000000
202310,2023-10-22,20,743.000000
202310,2023-10-23,654,117770.000000
202310,2023-10-24,479,82614.000000
202310,2023-10-25,383,69131.000000
202310,2023-10-26,367,55919.000000
202310,2023-10-27,310,58988.000000
202310,2023-10-28,14,574.000000
202310,2023-10-29,18,2262.000000
202310,2023-10-30,429,66394.000000
202310,2023-10-31,300,49092.000000
202311,2023-11-01,241,47740.000000
202311,2023-11-02,153,23963.000000
202311,2023-11-03,197,53382.000000
202311,2023-11-04,19,503.000000
202311,2023-11-05,10,346.000000
202311,2023-11-06,757,228989.000000
202311,2023-11-07,744,167795.000000
202311,2023-11-08,627,202332.000000
202311,2023-11-09,504,91766.000000
202311,2023-11-10,350,69187.000000
202311,2023-11-11,9,840.000000
202311,2023-11-12,16,3046.000000
202311,2023-11-13,736,104682.000000
202311,2023-11-14,602,133295.000000
202311,2023-11-15,412,66258.000000
202311,2023-11-16,382,62803.000000
202311,2023-11-17,219,45119.000000
202311,2023-11-18,19,1205.000000
202311,2023-11-19,5,2068.000000
202311,2023-11-20,632,149141.000000
202311,2023-11-21,475,78691.000000
202311,2023-11-22,436,79508.000000
202311,2023-11-23,276,54378.000000
202311,2023-11-24,247,42346.000000
202311,2023-11-25,11,480.000000
202311,2023-11-26,13,454.000000
202311,2023-11-27,445,63536.000000
202311,2023-11-28,337,53616.000000
202311,2023-11-29,172,24474.000000
202311,2023-11-30,199,37461.000000
202312,2023-12-01,214,38801.000000
202312,2023-12-02,31,2309.000000
202312,2023-12-03,12,676.000000
202312,2023-12-04,234,23834.000000
202312,2023-12-05,168,15107.000000
202312,2023-12-06,343,134103.000000
202312,2023-12-07,905,338194.000000
202312,2023-12-08,587,170759.000000
202312,2023-12-09,21,3816.000000
202312,2023-12-10,22,2707.000000
202312,2023-12-11,737,149261.000000
202312,2023-12-12,567,92259.000000
202312,2023-12-13,432,150110.000000
202312,2023-12-14,367,59012.000000
202312,2023-12-15,284,60639.000000
202312,2023-12-16,14,2037.000000
202312,2023-12-17,6,900.000000
202312,2023-12-18,543,89832.000000
202312,2023-12-19,585,132183.000000
202312,2023-12-20,397,80808.000000
202312,2023-12-21,324,53400.000000
202312,2023-12-22,195,31788.000000
202312,2023-12-23,16,1043.000000
202312,2023-12-24,20,457.000000
202312,2023-12-25,519,92401.000000
202312,2023-12-26,422,69558.000000
202312,2023-12-27,409,68960.000000
202312,2023-12-28,358,73577.000000
202312,2023-12-29,186,39165.000000
202312,2023-12-30,2,290.000000
202312,2023-12-31,2,-60.000000
202401,2024-01-01,18,6730.000000
202401,2024-01-02,563,160962.000000
202401,2024-01-03,378,61255.000000
202401,2024-01-04,317,75899.000000
202401,2024-01-05,473,135189.000000
202401,2024-01-06,27,3949.000000
202401,2024-01-07,9,2950.000000
202401,2024-01-08,1074,322190.000000
202401,2024-01-09,869,187234.000000
202401,2024-01-10,486,113633.000000
202401,2024-01-11,473,98092.000000
202401,2024-01-12,421,84321.000000
202401,2024-01-13,23,3982.000000
202401,2024-01-14,19,725.000000
202401,2024-01-15,722,135060.000000
202401,2024-01-16,587,151761.000000
202401,2024-01-17,478,104420.000000
202401,2024-01-18,434,76124.000000
202401,2024-01-19,362,80569.000000
202401,2024-01-20,20,3117.000000
202401,2024-01-21,59,2324.000000
202401,2024-01-22,701,150012.000000
202401,2024-01-23,563,135676.000000
202401,2024-01-24,463,95262.000000
202401,2024-01-25,452,98823.000000
202401,2024-01-26,345,84394.000000
202401,2024-01-27,21,1395.000000
202401,2024-01-28,16,2806.000000
202401,2024-01-29,620,137713.000000
202401,2024-01-30,422,87225.000000
202401,2024-01-31,310,82489.000000
202402,2024-02-01,567,139252.000000
202402,2024-02-02,294,73924.000000
202402,2024-02-03,12,184.000000
202402,2024-02-04,391,79360.000000
202402,2024-02-05,606,148548.000000
202402,2024-02-06,392,79662.000000
202402,2024-02-07,201,53012.000000
202402,2024-02-08,62,15756.000000
202402,2024-02-09,5,1238.000000
202402,2024-02-13,6,1705.000000
202402,2024-02-14,3,303.000000
202402,2024-02-15,18,7272.000000
202402,2024-02-16,7,559.000000
202402,2024-02-17,15,1585.000000
202402,2024-02-18,498,68598.000000
202402,2024-02-19,540,64386.000000
202402,2024-02-20,338,43829.000000
202402,2024-02-21,302,51288.000000
202402,2024-02-22,291,40284.000000
202402,2024-02-23,290,47161.000000
202402,2024-02-24,13,219.000000
202402,2024-02-25,14,2899.000000
202402,2024-02-26,627,118882.000000
202402,2024-02-27,375,60543.000000
202402,2024-02-28,297,57556.000000
202402,2024-02-29,288,65026.000000
202403,2024-03-01,434,92181.000000
202403,2024-03-02,43,3540.000000
202403,2024-03-03,17,1844.000000
202403,2024-03-04,774,135570.000000
202403,2024-03-05,551,73774.000000
202403,2024-03-06,443,66890.000000
202403,2024-03-07,539,114841.000000
202403,2024-03-08,372,80267.000000
202403,2024-03-09,11,3860.000000
202403,2024-03-10,17,6797.000000
202403,2024-03-11,800,147884.000000
202403,2024-03-12,547,97246.000000
202403,2024-03-13,472,69644.000000
202403,2024-03-14,531,99715.000000
202403,2024-03-15,326,60756.000000
202403,2024-03-16,17,1286.000000
202403,2024-03-17,19,979.000000
202403,2024-03-18,768,120091.000000
202403,2024-03-19,547,97748.000000
202403,2024-03-20,428,79977.000000
202403,2024-03-21,395,60813.000000
202403,2024-03-22,286,56271.000000
202403,2024-03-23,18,1213.000000
202403,2024-03-24,20,1539.000000
202403,2024-03-25,732,134046.000000
202403,2024-03-26,512,104633.000000
202403,2024-03-27,415,70207.000000
202403,2024-03-28,365,70214.000000
202403,2024-03-29,363,98885.000000
202403,2024-03-30,11,2409.000000
202403,2024-03-31,19,454.000000
202404,2024-04-01,777,172701.000000
202404,2024-04-02,596,101790.000000
202404,2024-04-03,307,55547.000000
202404,2024-04-04,5,267.000000
202404,2024-04-05,27,9550.000000
202404,2024-04-06,17,392.000000
202404,2024-04-07,473,86365.000000
202404,2024-04-08,697,135945.000000
202404,2024-04-09,512,84362.000000
202404,2024-04-10,497,93123.000000
202404,2024-04-11,467,78968.000000
202404,2024-04-12,285,43178.000000
202404,2024-04-13,38,2195.000000
202404,2024-04-14,9,453.000000
202404,2024-04-15,839,143203.000000
202404,2024-04-16,622,101698.000000
202404,2024-04-17,571,74540.000000
202404,2024-04-18,496,83162.000000
202404,2024-04-19,379,72113.000000
202404,2024-04-20,31,1637.000000
202404,2024-04-21,17,2953.000000
202404,2024-04-22,800,159241.000000
202404,2024-04-23,623,107517.000000
202404,2024-04-24,470,77469.000000
202404,2024-04-25,520,80577.000000
202404,2024-04-26,369,82042.000000
202404,2024-04-27,20,464.000000
202404,2024-04-28,509,86882.000000
202404,2024-04-29,527,95735.000000
202404,2024-04-30,213,43912.000000
202405,2024-05-01,4,297.000000
202405,2024-05-02,28,5542.000000
202405,2024-05-03,22,4872.000000
202405,2024-05-04,11,544.000000
202405,2024-05-05,25,1247.000000
202405,2024-05-06,861,150617.000000
202405,2024-05-07,609,92099.000000
202405,2024-05-08,429,67599.000000
202405,2024-05-09,465,90095.000000
202405,2024-05-10,423,90653.000000
202405,2024-05-11,250,39389.000000
202405,2024-05-12,14,618.000000
202405,2024-05-13,821,153991.000000
202405,2024-05-14,541,106990.000000
202405,2024-05-15,432,76089.000000
202405,2024-05-16,438,79327.000000
202405,2024-05-17,320,62486.000000
202405,2024-05-18,28,1160.000000
202405,2024-05-19,26,1967.000000
202405,2024-05-20,809,138925.000000
202405,2024-05-21,597,99410.000000
202405,2024-05-22,407,66557.000000
202405,2024-05-23,401,69643.000000
202405,2024-05-24,309,64566.000000
202405,2024-05-25,29,957.000000
202405,2024-05-26,9,693.000000
202405,2024-05-27,745,122985.000000
202405,2024-05-28,497,76907.000000
202405,2024-05-29,401,83488.000000
202405,2024-05-30,342,64975.000000
202405,2024-05-31,278,63005.000000
202406,2024-06-01,29,3176.000000
202406,2024-06-02,17,1405.000000
202406,2024-06-03,821,165853.000000
202406,2024-06-04,650,112624.000000
202406,2024-06-05,435,71300.000000
202406,2024-06-06,488,99820.000000
202406,2024-06-07,321,67758.000000
202406,2024-06-08,16,205.000000
202406,2024-06-09,75,12377.000000
202406,2024-06-10,29,4445.000000
202406,2024-06-11,850,148311.000000
202406,2024-06-12,548,89333.000000
202406,2024-06-13,545,87505.000000
202406,2024-06-14,340,53103.000000
202406,2024-06-15,15,2662.000000
202406,2024-06-16,24,1087.000000
202406,2024-06-17,795,157531.000000
202406,2024-06-18,518,92123.000000
202406,2024-06-19,473,84851.000000
202406,2024-06-20,481,88969.000000
202406,2024-06-21,313,58674.000000
202406,2024-06-22,16,1151.000000
202406,2024-06-23,22,2358.000000
202406,2024-06-24,812,142184.000000
202406,2024-06-25,559,101379.000000
202406,2024-06-26,478,91950.000000
202406,2024-06-27,546,95903.000000
202406,2024-06-28,443,159283.000000
202406,2024-06-29,24,7954.000000
202406,2024-06-30,19,5920.000000
202407,2024-07-01,872,171470.000000
202407,2024-07-02,710,102815.170000
202407,2024-07-03,684,70156.830000
202407,2024-07-04,454,59402.000000
202407,2024-07-05,431,67113.000000
202407,2024-07-06,16,1505.000000
202407,2024-07-07,29,632.000000
202407,2024-07-08,804,134395.000000
202407,2024-07-09,546,97834.000000
202407,2024-07-10,465,68844.000000
202407,2024-07-11,497,76921.000000
202407,2024-07-12,349,55816.000000
202407,2024-07-13,26,598.000000
202407,2024-07-14,18,545.000000
202407,2024-07-15,948,151488.000000
202407,2024-07-16,595,98572.000000
202407,2024-07-17,468,68692.000000
202407,2024-07-18,438,81552.000000
202407,2024-07-19,349,66531.000000
202407,2024-07-20,19,1617.000000
202407,2024-07-21,29,1473.000000
202407,2024-07-22,829,138615.000000
202407,2024-07-23,491,81643.000000
202407,2024-07-24,411,68301.000000
202407,2024-07-25,412,72525.000000
202407,2024-07-26,334,64439.000000
202407,2024-07-27,39,1945.000000
202407,2024-07-28,17,1608.000000
202407,2024-07-29,710,133225.000000
202407,2024-07-30,486,84799.000000
202407,2024-07-31,413,95339.000000
202408,2024-08-01,718,178477.000000
202408,2024-08-02,458,76769.000000
202408,2024-08-03,32,2082.000000
202408,2024-08-04,22,964.000000
202408,2024-08-05,851,152193.000000
202408,2024-08-06,545,95851.000000
202408,2024-08-07,432,74330.000000
202408,2024-08-08,516,90964.000000
202408,2024-08-09,341,57134.000000
202408,2024-08-10,6,367.000000
202408,2024-08-11,23,1098.000000
202408,2024-08-12,901,163251.000000
202408,2024-08-13,530,79657.000000
202408,2024-08-14,457,72184.000000
202408,2024-08-15,504,76210.000000
202408,2024-08-16,355,58951.000000
202408,2024-08-17,14,1038.000000
202408,2024-08-18,12,4049.000000
202408,2024-08-19,935,152352.000000
202408,2024-08-20,568,83151.000000
202408,2024-08-21,462,80229.000000
202408,2024-08-22,429,65739.000000
202408,2024-08-23,325,60396.000000
202408,2024-08-24,21,316.000000
202408,2024-08-25,17,857.000000
202408,2024-08-26,810,134642.000000
202408,2024-08-27,555,113826.000000
202408,2024-08-28,440,84646.000000
202408,2024-08-29,478,94219.000000
202408,2024-08-30,377,100996.000000
202408,2024-08-31,13,1460.000000
202409,2024-09-01,24,3091.000000
202409,2024-09-02,1081,221094.000000
202409,2024-09-03,669,126871.000000
202409,2024-09-04,536,91503.000000
202409,2024-09-05,469,81181.000000
202409,2024-09-06,368,72539.000000
202409,2024-09-07,24,1403.000000
202409,2024-09-08,22,1240.000000
202409,2024-09-09,991,178137.000000
202409,2024-09-10,636,130477.000000
202409,2024-09-11,596,110800.000000
202409,2024-09-12,548,112634.000000
202409,2024-09-13,458,83418.000000
202409,2024-09-14,274,51769.000000
202409,2024-09-15,10,1607.000000
202409,2024-09-16,60,16081.000000
202409,2024-09-17,13,1242.000000
202409,2024-09-18,843,135187.000000
202409,2024-09-19,640,112079.000000
202409,2024-09-20,462,75744.000000
202409,2024-09-21,39,2836.000000
202409,2024-09-22,25,990.000000
202409,2024-09-23,1073,204248.000000
202409,2024-09-24,807,147671.000000
202409,2024-09-25,697,138801.000000
202409,2024-09-26,649,136599.000000
202409,2024-09-27,504,109969.000000
202409,2024-09-28,45,1620.000000
202409,2024-09-29,497,88180.000000
202409,2024-09-30,263,99565.000000
202410,2024-10-01,4,1040.000000
202410,2024-10-02,6,759.000000
202410,2024-10-03,2,350.000000
202410,2024-10-04,31,9012.000000
202410,2024-10-05,10,1339.000000
202410,2024-10-06,14,1183.000000
202410,2024-10-07,165,29441.000000
202410,2024-10-08,1057,152635.000000
202410,2024-10-09,703,112012.000000
202410,2024-10-10,443,76800.000000
202410,2024-10-11,477,82232.000000
202410,2024-10-12,413,69332.000000
202410,2024-10-13,16,496.000000
202410,2024-10-14,983,165623.000000
202410,2024-10-15,681,134469.000000
202410,2024-10-16,566,94729.000000
202410,2024-10-17,561,84798.000000
202410,2024-10-18,409,70611.000000
202410,2024-10-19,18,1374.000000
202410,2024-10-20,21,2405.000000
202410,2024-10-21,996,162179.000000
202410,2024-10-22,653,95536.000000
202410,2024-10-23,488,74866.000000
202410,2024-10-24,489,82809.000000
202410,2024-10-25,361,62434.000000
202410,2024-10-26,15,1368.000000
202410,2024-10-27,19,1802.000000
202410,2024-10-28,888,155459.000000
202410,2024-10-29,498,83591.000000
202410,2024-10-30,423,79318.000000
202410,2024-10-31,421,93563.000000
202411,2024-11-01,526,101608.000000
202411,2024-11-02,23,703.000000
202411,2024-11-03,26,1663.000000
202411,2024-11-04,921,146297.000000
202411,2024-11-05,629,95318.000000
202411,2024-11-06,462,86263.000000
202411,2024-11-07,636,147888.000000
202411,2024-11-08,414,79050.000000
202411,2024-11-09,22,987.000000
202411,2024-11-10,24,2057.000000
202411,2024-11-11,947,158214.000000
202411,2024-11-12,659,135515.000000
202411,2024-11-13,502,68809.000000
202411,2024-11-14,509,84716.000000
202411,2024-11-15,379,72101.000000
202411,2024-11-16,25,1204.000000
202411,2024-11-17,21,1042.000000
202411,2024-11-18,940,143305.000000
202411,2024-11-19,636,104419.000000
202411,2024-11-20,503,88544.000000
202411,2024-11-21,489,81232.000000
202411,2024-11-22,372,62639.000000
202411,2024-11-23,20,1388.000000
202411,2024-11-24,21,720.000000
202411,2024-11-25,977,157749.000000
202411,2024-11-26,554,98897.000000
202411,2024-11-27,469,91813.000000
202411,2024-11-28,466,83725.000000
202411,2024-11-29,381,97959.000000
202411,2024-11-30,30,920.000000
202412,2024-12-01,10,3335.000000
202412,2024-12-02,980,157669.000000
202412,2024-12-03,667,118336.000000
202412,2024-12-04,477,68684.000000
202412,2024-12-05,441,83915.000000
202412,2024-12-06,440,98958.000000
202412,2024-12-07,24,1798.000000
202412,2024-12-08,18,702.000000
202412,2024-12-09,1041,222988.000000
202412,2024-12-10,682,114951.000000
202412,2024-12-11,564,96922.000000
202412,2024-12-12,492,74178.000000
202412,2024-12-13,391,70132.000000
202412,2024-12-14,33,1821.000000
202412,2024-12-15,27,3025.000000
202412,2024-12-16,966,167602.000000
202412,2024-12-17,645,116832.000000
202412,2024-12-18,504,87590.000000
202412,2024-12-19,527,79304.000000
202412,2024-12-20,349,69985.000000
202412,2024-12-21,19,404.000000
202412,2024-12-22,18,485.000000
202412,2024-12-23,838,145016.000000
202412,2024-12-24,574,103988.000000
202412,2024-12-25,451,93807.000000
202412,2024-12-26,486,95149.000000
202412,2024-12-27,395,83742.000000
202412,2024-12-28,24,512.000000
202412,2024-12-29,14,611.000000
202412,2024-12-30,704,126440.000000
202412,2024-12-31,322,95985.000000
202501,2025-01-01,59,28263.000000
202501,2025-01-02,922,193165.000000
202501,2025-01-03,668,102148.000000
202501,2025-01-04,122,10745.000000
202501,2025-01-05,47,9320.000000
202501,2025-01-06,860,143026.000000
202501,2025-01-07,734,159258.000000
202501,2025-01-08,698,169075.000000
202501,2025-01-09,703,174016.000000
202501,2025-01-10,563,140863.000000
202501,2025-01-11,54,6484.000000
202501,2025-01-12,44,9088.000000
202501,2025-01-13,973,201354.000000
202501,2025-01-14,742,135858.000000
202501,2025-01-15,621,125144.000000
202501,2025-01-16,606,118586.000000
202501,2025-01-17,464,100512.000000
202501,2025-01-18,43,2625.000000
202501,2025-01-19,40,12686.000000
202501,2025-01-20,902,181220.000000
202501,2025-01-21,643,128186.000000
202501,2025-01-22,479,106857.000000
202501,2025-01-23,421,99899.000000
202501,2025-01-24,270,53226.000000
202501,2025-01-25,16,1255.000000
202501,2025-01-26,138,39047.000000
202501,2025-01-27,58,23274.000000
202501,2025-01-28,1,20.000000
202501,2025-01-29,1,0.000000
202501,2025-01-30,1,22.000000
202501,2025-01-31,2,12.000000
202502,2025-02-01,10,1820.000000
202502,2025-02-02,2,12.000000
202502,2025-02-03,36,8258.000000
202502,2025-02-04,41,4197.000000
202502,2025-02-05,628,96884.000000
202502,2025-02-06,449,60308.000000
202502,2025-02-07,295,35594.000000
202502,2025-02-08,200,34460.000000
202502,2025-02-09,11,2469.000000
202502,2025-02-10,727,122898.000000
202502,2025-02-11,464,70846.000000
202502,2025-02-12,392,73898.000000
202502,2025-02-13,430,77247.000000
202502,2025-02-14,302,52764.000000
202502,2025-02-15,17,1107.000000
202502,2025-02-16,8,1654.000000
202502,2025-02-17,883,155007.000000
202502,2025-02-18,521,89716.000000
202502,2025-02-19,449,81294.000000
202502,2025-02-20,459,72861.000000
202502,2025-02-21,334,61451.000000
202502,2025-02-22,18,1002.000000
202502,2025-02-23,20,2952.000000
202502,2025-02-24,861,163483.000000
202502,2025-02-25,518,87093.000000
202502,2025-02-26,420,87606.000000
202502,2025-02-27,396,64954.000000
202502,2025-02-28,336,82022.000000
202503,2025-03-01,17,2907.000000
202503,2025-03-02,23,2714.000000
202503,2025-03-03,1085,215852.000000
202503,2025-03-04,704,123892.000000
202503,2025-03-05,455,79484.000000
202503,2025-03-06,472,81626.000000
202503,2025-03-07,340,56688.000000
202503,2025-03-08,12,784.000000
202503,2025-03-09,12,661.000000
202503,2025-03-10,883,143398.000000
202503,2025-03-11,618,102468.000000
202503,2025-03-12,429,69413.000000
202503,2025-03-13,460,74911.000000
202503,2025-03-14,331,62117.000000
202503,2025-03-15,12,1159.000000
202503,2025-03-16,22,3276.000000
202503,2025-03-17,948,173111.000000
202503,2025-03-18,620,102047.000000
202503,2025-03-19,462,81300.000000
202503,2025-03-20,434,69295.000000
202503,2025-03-21,328,63054.000000
202503,2025-03-22,15,1396.000000
202503,2025-03-23,18,2660.000000
202503,2025-03-24,928,155296.000000
202503,2025-03-25,619,111793.000000
202503,2025-03-26,469,123802.000000
202503,2025-03-27,477,86799.000000
202503,2025-03-28,349,92759.000000
202503,2025-03-29,17,2259.000000
202503,2025-03-30,20,3007.000000
202503,2025-03-31,886,266375.000000
202504,2025-04-01,919,165729.000000
202504,2025-04-02,614,102837.000000
202504,2025-04-03,390,53217.000000
202504,2025-04-04,5,152.000000
202504,2025-04-05,5,33.000000
202504,2025-04-06,14,597.000000
202504,2025-04-07,1004,144910.000000
202504,2025-04-08,607,93196.000000
202504,2025-04-09,482,77734.000000
202504,2025-04-10,480,73626.000000
202504,2025-04-11,340,59021.000000
202504,2025-04-12,13,1371.000000
202504,2025-04-13,12,645.000000
202504,2025-04-14,879,146590.000000
202504,2025-04-15,671,108647.000000
202504,2025-04-16,456,82974.000000
202504,2025-04-17,518,83412.000000
202504,2025-04-18,347,59989.000000
202504,2025-04-19,11,1356.000000
202504,2025-04-20,23,4875.000000
202504,2025-04-21,1009,167514.000000
202504,2025-04-22,661,120722.000000
202504,2025-04-23,498,104572.000000
202504,2025-04-24,525,92000.000000
202504,2025-04-25,394,86534.000000
202504,2025-04-26,20,2482.000000
202504,2025-04-27,571,102884.000000
202504,2025-04-28,740,123477.000000
202504,2025-04-29,441,62272.000000
202504,2025-04-30,187,52634.000000
202505,2025-05-01,4,965.000000
202505,2025-05-02,11,2890.000000
202505,2025-05-03,11,1787.000000
202505,2025-05-04,11,2607.000000
202505,2025-05-05,166,26010.000000
202505,2025-05-06,1088,184947.000000
202505,2025-05-07,699,125573.000000
202505,2025-05-08,537,96888.000000
202505,2025-05-09,386,64533.000000
202505,2025-05-10,27,3240.000000
202505,2025-05-11,25,1434.000000
202505,2025-05-12,941,154725.000000
202505,2025-05-13,579,90077.000000
202505,2025-05-14,469,74973.000000
202505,2025-05-15,508,82346.000000
202505,2025-05-16,334,64766.000000
202505,2025-05-17,9,334.000000
202505,2025-05-18,27,1697.000000
202505,2025-05-19,960,145599.000000
202505,2025-05-20,665,117005.000000
202505,2025-05-21,493,86652.000000
202505,2025-05-22,448,75387.000000
202505,2025-05-23,318,70649.000000
202505,2025-05-24,17,878.000000
202505,2025-05-25,18,3335.000000
202505,2025-05-26,952,159008.000000
202505,2025-05-27,611,114948.000000
202505,2025-05-28,493,96231.000000
202505,2025-05-29,487,74450.000000
202505,2025-05-30,300,84958.000000
202505,2025-05-31,1,100.000000
202506,2025-06-01,7,1687.000000
202506,2025-06-02,104,24828.000000
202506,2025-06-03,1110,184663.000000
202506,2025-06-04,729,130200.000000
202506,2025-06-05,581,97784.000000
202506,2025-06-06,372,66969.000000
202506,2025-06-07,12,2056.000000
202506,2025-06-08,20,1958.000000
202506,2025-06-09,979,162385.000000
202506,2025-06-10,594,92702.000000
202506,2025-06-11,462,87029.000000
202506,2025-06-12,464,73578.000000
202506,2025-06-13,396,78521.000000
202506,2025-06-14,18,1487.000000
202506,2025-06-15,12,465.000000
202506,2025-06-16,1008,170881.000000
202506,2025-06-17,624,97428.000000
202506,2025-06-18,477,81047.000000
202506,2025-06-19,499,76793.000000
202506,2025-06-20,343,69213.000000
202506,2025-06-21,11,869.000000
202506,2025-06-22,21,2925.000000
202506,2025-06-23,986,162812.000000
202506,2025-06-24,595,98666.000000
202506,2025-06-25,502,103553.000000
202506,2025-06-26,535,107755.000000
202506,2025-06-27,382,105618.000000
202506,2025-06-28,25,5846.000000
202506,2025-06-29,28,9295.000000
202506,2025-06-30,960,295226.000000
202507,2025-07-01,831,151895.000000
202507,2025-07-02,593,80581.000000
202507,2025-07-03,551,76092.000000
202507,2025-07-04,413,68100.000000
202507,2025-07-05,30,951.000000
202507,2025-07-06,20,1808.000000
202507,2025-07-07,973,143578.000000
202507,2025-07-08,687,113880.000000
202507,2025-07-09,496,87795.000000
202507,2025-07-10,445,79224.000000
202507,2025-07-11,334,44590.000000
202507,2025-07-12,21,622.000000
202507,2025-07-13,22,449.000000
202507,2025-07-14,963,147395.000000
202507,2025-07-15,675,98964.000000
202507,2025-07-16,480,69860.000000
202507,2025-07-17,529,89860.000000
202507,2025-07-18,381,54242.000000
202507,2025-07-19,7,1155.000000
202507,2025-07-20,19,1365.000000
202507,2025-07-21,1059,168767.000000
202507,2025-07-22,632,95607.000000
202507,2025-07-23,462,76956.000000
202507,2025-07-24,503,75761.000000
202507,2025-07-25,365,71143.000000
202507,2025-07-26,22,1547.000000
202507,2025-07-27,23,1731.000000
202507,2025-07-28,953,169016.000000
202507,2025-07-29,607,105512.000000
202507,2025-07-30,405,78376.000000
202507,2025-07-31,459,107800.000000
202508,2025-08-01,651,130117.000000
202508,2025-08-02,23,4137.000000
202508,2025-08-03,47,4189.000000
202508,2025-08-04,1174,203889.000000
202508,2025-08-05,806,123100.000000
202508,2025-08-06,538,85199.000000
202508,2025-08-07,511,81847.000000
202508,2025-08-08,403,74731.000000
202508,2025-08-09,23,1412.000000
202508,2025-08-10,24,1716.000000
202508,2025-08-11,1006,171194.000000
202508,2025-08-12,651,104772.000000
202508,2025-08-13,488,83747.000000
202508,2025-08-14,546,84035.000000
202508,2025-08-15,372,62277.000000
202508,2025-08-16,21,1429.000000
202508,2025-08-17,17,3241.000000
202508,2025-08-18,1057,169534.000000
202508,2025-08-19,651,105183.000000
202508,2025-08-20,520,82805.000000
202508,2025-08-21,544,80840.000000
202508,2025-08-22,372,75177.000000
202508,2025-08-23,14,2034.000000
202508,2025-08-24,17,1219.000000
202508,2025-08-25,1063,186616.000000
202508,2025-08-26,642,104181.000000
202508,2025-08-27,535,101456.000000
202508,2025-08-28,482,90711.000000
202508,2025-08-29,417,94626.000000
202508,2025-08-30,12,1927.000000
202508,2025-08-31,24,4838.000000
202509,2025-09-01,1220,226753.000000
202509,2025-09-02,877,191035.000000
202509,2025-09-03,552,103502.000000
202509,2025-09-04,613,96635.000000
202509,2025-09-05,428,73312.000000
202509,2025-09-06,20,1282.000000
202509,2025-09-07,31,4406.000000
202509,2025-09-08,1044,176511.000000
202509,2025-09-09,709,125884.000000
202509,2025-09-10,564,106029.000000
202509,2025-09-11,514,83007.000000
202509,2025-09-12,441,82419.000000
202509,2025-09-13,19,3246.000000
202509,2025-09-14,33,3323.000000
202509,2025-09-15,1174,222854.000000
202509,2025-09-16,741,154841.000000
202509,2025-09-17,635,114120.000000
202509,2025-09-18,581,105334.000000
202509,2025-09-19,498,101211.000000
202509,2025-09-20,29,2988.000000
202509,2025-09-21,38,5314.000000
202509,2025-09-22,1201,228846.000000
202509,2025-09-23,872,149120.000000
202509,2025-09-24,606,126267.000000
202509,2025-09-25,750,149105.000000
202509,2025-09-26,602,113807.000000
202509,2025-09-27,42,4456.000000
202509,2025-09-28,611,106514.000000
202509,2025-09-29,559,122479.000000
202509,2025-09-30,237,85049.000000
202510,2025-10-01,8,1192.000000
202510,2025-10-02,2,34.000000
202510,2025-10-03,10,397.000000
202510,2025-10-04,17,4914.000000
202510,2025-10-05,13,10907.000000
202510,2025-10-06,17,4998.000000
202510,2025-10-07,89,13628.000000
202510,2025-10-08,129,27481.000000
202510,2025-10-09,1149,184612.000000
202510,2025-10-10,851,133910.000000
202510,2025-10-11,483,74416.000000
202510,2025-10-12,22,1331.000000
202510,2025-10-13,1009,166113.000000
202510,2025-10-14,741,117734.000000
202510,2025-10-15,544,93476.000000
202510,2025-10-16,554,85180.000000
202510,2025-10-17,394,73121.000000
202510,2025-10-18,13,856.000000
202510,2025-10-19,30,3788.000000
202510,2025-10-20,1076,181089.000000
202510,2025-10-21,673,111318.000000
202510,2025-10-22,520,98174.000000
202510,2025-10-23,543,83974.000000
202510,2025-10-24,401,82442.000000
202510,2025-10-25,16,798.000000
202510,2025-10-26,20,369.000000
202510,2025-10-27,1039,172285.000000
202510,2025-10-28,659,115590.000000
202510,2025-10-29,460,105454.000000
202510,2025-10-30,441,74315.000000
202510,2025-10-31,340,80422.000000
202511,2025-11-01,31,7162.000000
202511,2025-11-02,36,4124.000000
202511,2025-11-03,1326,248471.000000
202511,2025-11-04,830,152806.000000
202511,2025-11-05,628,109325.000000
202511,2025-11-06,572,101492.000000
202511,2025-11-07,374,67732.000000
202511,2025-11-08,22,1328.000000
202511,2025-11-09,21,540.000000
202511,2025-11-10,1086,195639.000000
202511,2025-11-11,700,120203.000000
202511,2025-11-12,501,79231.000000
202511,2025-11-13,548,82296.000000
202511,2025-11-14,399,66623.000000
202511,2025-11-15,15,359.000000
202511,2025-11-16,26,1711.000000
202511,2025-11-17,1142,186009.000000
202511,2025-11-18,708,111506.000000
202511,2025-11-19,537,96746.000000
202511,2025-11-20,530,78247.000000
202511,2025-11-21,385,65751.000000
202511,2025-11-22,23,1824.000000
202511,2025-11-23,35,1093.000000
202511,2025-11-24,1050,172068.000000
202511,2025-11-25,738,131480.000000
202511,2025-11-26,542,103878.000000
202511,2025-11-27,547,97757.000000
202511,2025-11-28,409,95084.000000
202511,2025-11-29,6,826.000000
202511,2025-11-30,32,3024.000000
202512,2025-12-01,1188,216082.000000
202512,2025-12-02,911,183124.000000
202512,2025-12-03,642,116185.000000
202512,2025-12-04,631,104005.000000
202512,2025-12-05,448,74168.000000
202512,2025-12-06,27,2400.000000
202512,2025-12-07,24,2175.000000
202512,2025-12-08,1068,192065.000000
202512,2025-12-09,682,115424.000000
202512,2025-12-10,504,95455.000000
202512,2025-12-11,547,90302.000000
202512,2025-12-12,394,58829.000000
202512,2025-12-13,26,1526.000000
202512,2025-12-14,25,995.000000
202512,2025-12-15,1098,172092.000000
202512,2025-12-16,760,121989.000000
202512,2025-12-17,559,94381.000000
202512,2025-12-18,551,85437.000000
202512,2025-12-19,404,74417.000000
202512,2025-12-20,28,628.000000
202512,2025-12-21,32,3006.000000
202512,2025-12-22,1065,164607.000000
202512,2025-12-23,719,122100.000000
202512,2025-12-24,542,104999.000000
202512,2025-12-25,597,111977.000000
202512,2025-12-26,424,82655.000000
202512,2025-12-27,38,4588.000000
202512,2025-12-28,35,2251.000000
202512,2025-12-29,1072,193715.000000
202512,2025-12-30,522,130509.000000
202512,2025-12-31,236,90197.000000
202601,2026-01-01,25,10766.000000
202601,2026-01-02,67,15425.000000
202601,2026-01-03,25,3001.000000
202601,2026-01-04,982,191030.000000
202601,2026-01-05,1065,201550.000000
202601,2026-01-06,827,134860.000000
202601,2026-01-07,640,117659.000000
202601,2026-01-08,650,117329.000000
202601,2026-01-09,507,89947.000000
202601,2026-01-10,12,1143.000000
202601,2026-01-11,42,3946.000000
202601,2026-01-12,1073,187231.000000
202601,2026-01-13,742,145726.000000
202601,2026-01-14,554,80609.000000
202601,2026-01-15,616,113604.000000
202601,2026-01-16,406,86723.000000
202601,2026-01-17,39,2541.000000
202601,2026-01-18,35,1212.000000
202601,2026-01-19,1066,192806.000000
202601,2026-01-20,749,137582.000000
202601,2026-01-21,572,121346.000000
202601,2026-01-22,584,114601.000000
202601,2026-01-23,481,87361.000000
202601,2026-01-24,24,2961.000000
202601,2026-01-25,27,4419.000000
202601,2026-01-26,1051,200297.000000
202601,2026-01-27,713,144251.000000
202601,2026-01-28,572,118855.000000
202601,2026-01-29,560,95569.000000
202601,2026-01-30,397,116807.000000
202601,2026-01-31,12,1499.000000
202602,2026-02-01,53,12827.000000
202602,2026-02-02,1311,267842.000000
202602,2026-02-03,1050,232518.000000
202602,2026-02-04,637,139161.000000
202602,2026-02-05,794,140419.000000
202602,2026-02-06,531,91485.000000
202602,2026-02-07,25,3919.000000
202602,2026-02-08,30,4459.000000
202602,2026-02-09,1146,208914.000000
202602,2026-02-10,730,127959.000000
202602,2026-02-11,475,86902.000000
202602,2026-02-12,438,93979.000000
202602,2026-02-13,191,18301.000000
202602,2026-02-14,56,13094.000000
202602,2026-02-15,2,248.000000
202602,2026-02-18,4,210.000000
202602,2026-02-19,2,208.000000
202602,2026-02-20,17,1282.000000
202602,2026-02-21,5,289.000000
202602,2026-02-22,8,404.000000
202602,2026-02-23,104,17865.000000
202602,2026-02-24,819,99820.000000
202602,2026-02-25,626,64547.000000
202602,2026-02-26,532,63212.000000
202602,2026-02-27,411,48444.000000
202602,2026-02-28,283,54657.000000
202603,2026-03-01,36,4230.000000
202603,2026-03-02,1060,184322.000000
202603,2026-03-03,711,116459.000000
202603,2026-03-04,565,85659.000000
202603,2026-03-05,540,90878.000000
202603,2026-03-06,424,82460.000000
202603,2026-03-07,27,2728.000000
202603,2026-03-08,42,3749.000000
202603,2026-03-09,1086,190164.000000
202603,2026-03-10,685,110437.000000
202603,2026-03-11,542,84602.000000
202603,2026-03-12,577,91902.000000
202603,2026-03-13,413,72157.000000
202603,2026-03-14,21,3844.000000
202603,2026-03-15,24,911.000000
202603,2026-03-16,1088,180006.000000
202603,2026-03-17,679,104414.000000
202603,2026-03-18,529,87479.000000
202603,2026-03-19,517,68785.000000
202603,2026-03-20,377,72340.000000
202603,2026-03-21,22,527.000000
202603,2026-03-22,24,2787.000000
202603,2026-03-23,1099,179567.000000
202603,2026-03-24,695,109172.000000
202603,2026-03-25,547,105926.000000
202603,2026-03-26,605,112219.000000
202603,2026-03-27,370,84868.000000
202603,2026-03-28,28,2540.000000
202603,2026-03-29,19,2484.000000
202603,2026-03-30,868,226511.000000
202603,2026-03-31,721,316632.000000
202604,2026-04-01,843,140021.000000
202604,2026-04-02,871,114100.000000
202604,2026-04-03,462,58364.000000
202604,2026-04-04,17,494.000000
202604,2026-04-05,3,167.000000
202604,2026-04-06,98,16107.000000
202604,2026-04-07,1103,157039.000000
202604,2026-04-08,770,107017.000000
202604,2026-04-09,691,97151.000000
202604,2026-04-10,490,65542.000000
202604,2026-04-11,35,4940.000000
202604,2026-04-12,30,4783.000000
202604,2026-04-13,1064,173194.000000
202604,2026-04-14,835,129566.000000
202604,2026-04-15,657,84032.000000
202604,2026-04-16,622,86899.000000
202604,2026-04-17,449,75920.000000
202604,2026-04-18,27,418.000000
202604,2026-04-19,32,1335.000000
202604,2026-04-20,1121,183820.000000
202604,2026-04-21,799,119002.000000
202604,2026-04-22,597,106599.000000
202604,2026-04-23,673,122908.000000
202604,2026-04-24,526,95544.000000
202604,2026-04-25,18,3336.000000
202604,2026-04-26,42,9361.000000
202604,2026-04-27,1104,193707.000000
202604,2026-04-28,878,145717.000000
202604,2026-04-29,539,92461.000000
202604,2026-04-30,320,65162.000000
